{
    "drone_config": {
        "coordinate_system": "xyz",
        "mission_file": "C:\\Users\\Josh\\Desktop\\PhD\\Research\\SiDG-ATRID\\git\\SIDG-ATRID\\scripts\\Drone_control\\xy_coord_data\\mission_data6.json",
        "drone_type": "DJIS900"
    },
    "camera_config": {
        "camera1": {
            "type": "StaticCam",
            "location": {
                "x": 9225.953536,
                "y": 27445.019475,
                "z": 5552.753146
            },
            "rotation": {
                "pitch": 17.383475,
                "yaw": 98.400001,
                "roll": 0.000000
            }
        },
        "camera2": {
            "type": "StaticCam",
            "location": {
                "x": 7390.001291,
                "y": 28614.867675,
                "z": 5365.780453
            },
            "rotation": {
                "pitch": 22.783475,
                "yaw": 61.800001,
                "roll": -0.000000
            }
        },
        "camera3": {
            "type": "StaticCam",
            "location": {
                "x": 8976.284766,
                "y": 33909.202854,
                "z": 4333.371894
            },
            "rotation": {
                "pitch": 40.183475,
                "yaw": -85.000001,
                "roll": -0.000000
            }
        },
        "camera4": {
            "type": "StaticCam",
            "location": {
                "x": 10790.503158,
                "y": 33293.621827,
                "z": 4390.478065
            },
            "rotation": {
                "pitch": 40.783475,
                "yaw": -128.200002,
                "roll": -0.000000
            }
        },
        "camera5": {
            "type": "StaticCam",
            "location": {
                "x": 9352.026124,
                "y": 29385.937891,
                "z": 5156.473244
            },
            "rotation": {
                "pitch": 77.999901,
                "yaw": -122.599996,
                "roll": 0.000000
            }
        },
        "camera6": {
    "type": "AttachDrone",
    "location": {
      "x": 500,
      "y": 0,
      "z": 0
    },
    "rotation": {
      "pitch": 359.7376367192324,
      "yaw": 359.9550083629714,
      "roll": 9.730811899402795
    }
  },
  "camera7": {
    "type": "AttachDrone",
    "location": {
      "x": -500,
      "y": 0,
      "z": 0
    },
    "rotation": {
      "pitch": 352.71490665606325,
      "yaw": 359.5539305569647,
      "roll": 3.5133771421942583
    }
  },
  "camera8": {
    "type": "AttachDrone",
    "location": {
      "x": 0,
      "y": 500,
      "z": 0
    },
    "rotation": {
      "pitch": 1.3335325470352473,
      "yaw": 0.05669577086882782,
      "roll": 2.4347115439867366
    }
  },
  "camera9": {
    "type": "AttachDrone",
    "location": {
      "x": 0,
      "y": -500,
      "z": 0
    },
    "rotation": {
      "pitch": 359.1367328836563,
      "yaw": 0.1823346871477156,
      "roll": 348.07310330600217
    }
  },
  "camera10": {
    "type": "AttachDrone",
    "location": {
      "x": 0,
      "y": 0,
      "z": 500
    },
    "rotation": {
      "pitch": 352.1181359977947,
      "yaw": 358.0613003087614,
      "roll": 13.865789030425674
    }
  },
  "camera11": {
    "type": "AttachDrone",
    "location": {
      "x": 0,
      "y": 0,
      "z": -500
    },
    "rotation": {
      "pitch": 352.4824227244391,
      "yaw": 1.7936785935700073,
      "roll": 346.5388290959935
    }
  }
            
    },
    "data_collection": {
        "base_output_dir": "F:/SIDG-ATRID-Dataset/Train_set/sidg-atrid-dataset-v7",
        "level": "Forest",
        "time_of_day": [630, 960, 1689, 1785,1958],
        "focal_length": [10, 50, 100, 500],
        "frame_rate": 10,
        "capture_duration": 100000,
        "max_images": 300,
        "check_exclusive_mask_color": true
    }
} 